end,mid,lambda,cdfMid,cdfEnd,pdfStart,pdfEnd
6,3,3.577769559,0.519948066,0.928549387,0.027937943,0.081383453
7,3,3.667087319,0.501043941,0.966269546,0.025550783,0.045208743
8,3,3.693723116,0.495464133,0.986431884,0.024879201,0.021381128
9,3,3.699112594,0.494338479,0.995159515,0.024745476,0.008843226
10,3,3.699934911,0.49416683,0.998428032,0.024725136,0.003275793
11,3,3.700036071,0.494145715,0.999529759,0.024722635,0.001102058
12,3,3.700046421,0.494143555,0.99986956,0.024722379,0.000339813
13,3,3.700047317,0.494143368,0.999966277,0.024722357,9.67173E-05
14,3,3.700047384,0.494143354,0.999991839,0.024722355,2.55613E-05
15,3,3.700047388,0.494143353,0.999998144,0.024722355,6.30521E-06
16,3,3.700047388,0.494143353,0.999999602,0.024722355,1.4581E-06
17,3,3.700047388,0.494143353,0.999999919,0.024722355,3.17355E-07
18,3,3.700047388,0.494143353,0.999999984,0.024722355,6.52349E-08
19,3,3.700047388,0.494143353,0.999999997,0.024722355,1.27038E-08
20,3,3.700047388,0.494143353,1,0.024722355,2.35023E-09
21,3,3.700047388,0.494143353,1,0.024722355,4.14094E-10
22,3,3.700047388,0.494143353,1,0.024722355,6.9644E-11
23,3,3.700047388,0.494143353,1,0.024722355,1.12037E-11
24,3,3.700047388,0.494143353,1,0.024722355,1.72727E-12
25,3,3.700047388,0.494143353,1,0.024722355,2.55639E-13
26,3,3.700047388,0.494143353,1,0.024722355,3.63798E-14
27,3,3.700047388,0.494143353,1,0.024722355,4.98544E-15
28,3,3.700047388,0.494143353,1,0.024722355,6.58799E-16
29,3,3.700047388,0.494143353,1,0.024722355,8.40548E-17
30,3,3.700047388,0.494143353,1,0.024722355,1.03669E-17
7,4,4.483499289,0.535238382,0.914766344,0.011293824,0.081607524
8,4,4.610775809,0.511214665,0.954387325,0.009944101,0.050377549
9,4,4.659609492,0.502100149,0.978906291,0.00947016,0.027023399
10,4,4.672762378,0.499655826,0.991331268,0.009346416,0.012782595
11,4,4.675437833,0.499159185,0.996746717,0.009321443,0.0054497
12,4,4.675878678,0.49907737,0.998869091,0.009317335,0.002124778
13,4,4.675939739,0.499066038,0.999633291,0.009316766,0.00076433
14,4,4.675946984,0.499064694,0.999888572,0.009316698,0.000255286
15,4,4.675947729,0.499064555,0.999968153,0.009316691,7.95805E-05
16,4,4.675947797,0.499064543,0.99999141,0.009316691,2.32572E-05
17,4,4.675947802,0.499064542,0.999997807,0.009316691,6.39701E-06
18,4,4.675947802,0.499064542,0.999999468,0.009316691,1.66178E-06
19,4,4.675947802,0.499064542,0.999999877,0.009316691,4.08969E-07
20,4,4.675947802,0.499064542,0.999999973,0.009316691,9.56159E-08
21,4,4.675947802,0.499064542,0.999999994,0.009316691,2.12902E-08
22,4,4.675947802,0.499064542,0.999999999,0.009316691,4.52509E-09
23,4,4.675947802,0.499064542,1,0.009316691,9.19961E-10
24,4,4.675947802,0.499064542,1,0.009316691,1.79237E-10
25,4,4.675947802,0.499064542,1,0.009316691,3.35241E-11
26,4,4.675947802,0.499064542,1,0.009316691,6.02912E-12
27,4,4.675947802,0.499064542,1,0.009316691,1.04414E-12
28,4,4.675947802,0.499064542,1,0.009316691,1.7437E-13
29,4,4.675947802,0.499064542,1,0.009316691,2.81153E-14
30,4,4.675947802,0.499064542,1,0.009316691,4.38219E-15
8,5,5.403151603,0.545587504,0.902394723,0.004502369,0.081114366
9,5,5.564185702,0.517950484,0.942825258,0.0038327,0.05399535
10,5,5.638189161,0.505393312,0.970579699,0.003559308,0.031841898
11,5,5.663057514,0.501196578,0.986489969,0.003471885,0.016709765
12,5,5.669411245,0.500126277,0.994325383,0.003449896,0.007941902
13,5,5.670727524,0.499904647,0.997784352,0.003445358,0.00346943
14,5,5.670958134,0.499865821,0.999189328,0.003444563,0.001405776
15,5,5.670993052,0.499859942,0.999720782,0.003444443,0.000531503
16,5,5.670997671,0.499859165,0.999909166,0.003444427,0.000188386
17,5,5.670998215,0.499859073,0.999972009,0.003444425,6.28434E-05
18,5,5.670998272,0.499859064,0.999991808,0.003444425,1.97992E-05
19,5,5.670998277,0.499859063,0.999997718,0.003444425,5.90953E-06
20,5,5.670998277,0.499859063,0.999999393,0.003444425,1.67565E-06
21,5,5.670998277,0.499859063,0.999999846,0.003444425,4.52504E-07
22,5,5.670998277,0.499859063,0.999999962,0.003444425,1.16643E-07
23,5,5.670998277,0.499859063,0.999999991,0.003444425,2.87602E-08
24,5,5.670998277,0.499859063,0.999999998,0.003444425,6.79578E-09
25,5,5.670998277,0.499859063,1,0.003444425,1.54155E-09
26,5,5.670998277,0.499859063,1,0.003444425,3.36237E-10
27,5,5.670998277,0.499859063,1,0.003444425,7.06221E-11
28,5,5.670998277,0.499859063,1,0.003444425,1.43035E-11
29,5,5.670998277,0.499859063,1,0.003444425,2.79707E-12
30,5,5.670998277,0.499859063,1,0.003444425,5.2874E-13
10,6,6.514990566,0.524164237,0.932321702,0.00148107,0.056227714
11,6,6.614298681,0.508607909,0.96220243,0.001341055,0.035613339
12,6,6.653846926,0.502451445,0.981043301,0.001289054,0.020267851
13,6,6.665975897,0.500568061,0.991290531,0.001273513,0.010494258
14,6,6.668994509,0.500099684,0.99627217,0.001269675,0.005013363
15,6,6.669631824,0.500000815,0.998499689,0.001268866,0.002230715
16,6,6.66974882,0.499982665,0.999429458,0.001268717,0.00093003
17,6,6.669767749,0.499979729,0.999794337,0.001268693,0.000364897
18,6,6.669770472,0.499979306,0.999929547,0.00126869,0.000135211
19,6,6.669770823,0.499979252,0.999977011,0.001268689,4.74644E-05
20,6,6.669770864,0.499979245,0.99999284,0.001268689,1.58288E-05
21,6,6.669770868,0.499979245,0.999997867,0.001268689,5.02737E-06
22,6,6.669770869,0.499979245,0.999999391,0.001268689,1.52415E-06
23,6,6.669770869,0.499979245,0.999999833,0.001268689,4.41989E-07
24,6,6.669770869,0.499979245,0.999999956,0.001268689,1.22832E-07
25,6,6.669770869,0.499979245,0.999999989,0.001268689,3.27705E-08
26,6,6.669770869,0.499979245,0.999999997,0.001268689,8.40659E-09
27,6,6.669770869,0.499979245,0.999999999,0.001268689,2.07667E-09
28,6,6.669770869,0.499979245,1,0.001268689,4.94675E-10
29,6,6.669770869,0.499979245,1,0.001268689,1.13771E-10
30,6,6.669770869,0.499979245,1,0.001268689,2.52943E-11
11,7,7.46231653,0.530165322,0.922944576,0.000574324,0.05749257
12,7,7.585701863,0.512122277,0.954118404,0.000507658,0.038475459
13,7,7.641753459,0.503980253,0.975285657,0.000479986,0.023359181
14,7,7.661700263,0.501091865,0.987779574,0.000470507,0.012963125
15,7,7.667475337,0.500256531,0.994362535,0.000467797,0.006658003
16,7,7.66889562,0.500051159,0.997548629,0.000467133,0.003195557
17,7,7.669200617,0.500007059,0.998989742,0.000466991,0.001442088
18,7,7.669258669,0.499998666,0.999604132,0.000466964,0.000614474
19,7,7.66926855,0.499997237,0.999852159,0.000466959,0.000248033
20,7,7.669270064,0.499997018,0.99994727,0.000466959,9.51118E-05
21,7,7.669270274,0.499996988,0.999982005,0.000466958,3.47352E-05
22,7,7.669270301,0.499996984,0.999994114,0.000466958,1.21088E-05
23,7,7.669270304,0.499996984,0.999998152,0.000466958,4.03763E-06
24,7,7.669270304,0.499996984,0.999999442,0.000466958,1.29024E-06
25,7,7.669270304,0.499996984,0.999999838,0.000466958,3.95807E-07
26,7,7.669270304,0.499996984,0.999999955,0.000466958,1.16752E-07
27,7,7.669270304,0.499996984,0.999999988,0.000466958,3.31631E-08
28,7,7.669270304,0.499996984,0.999999997,0.000466958,9.08345E-09
29,7,7.669270304,0.499996984,0.999999999,0.000466958,2.40219E-09
30,7,7.669270304,0.499996984,1,0.000466958,6.14101E-10
12,8,8.407086217,0.535914352,0.914589514,0.000223279,0.05811094
13,8,8.552769289,0.51586047,0.946474969,0.00019301,0.040615052
14,8,8.626161817,0.505826036,0.969423254,0.000179352,0.025986248
15,8,8.655685774,0.501804164,0.983921316,0.000174134,0.015272356
16,8,8.665395733,0.50048338,0.992102806,0.000172451,0.008330312
17,8,8.668110643,0.500114263,0.996337466,0.000171984,0.004257302
18,8,8.668775205,0.500023922,0.998386256,0.000171869,0.002051621
19,8,8.668920027,0.500004235,0.999322175,0.000171845,0.000936216
20,8,8.668948394,0.500000379,0.999727963,0.00017184,0.000405814
21,8,8.66895342,0.499999696,0.999895485,0.000171839,0.000167524
22,8,8.66895423,0.499999586,0.999961497,0.000171839,6.60119E-05
23,8,8.668954349,0.49999957,0.999986377,0.000171839,2.48806E-05
24,8,8.668954365,0.499999568,0.999995365,0.000171839,8.98704E-06
25,8,8.668954367,0.499999567,0.999998481,0.000171839,3.11633E-06
26,8,8.668954368,0.499999567,0.99999952,0.000171839,1.03905E-06
27,8,8.668954368,0.499999567,0.999999854,0.000171839,3.3361E-07
28,8,8.668954368,0.499999567,0.999999957,0.000171839,1.03288E-07
29,8,8.668954368,0.499999567,0.999999988,0.000171839,3.08757E-08
30,8,8.668954368,0.499999567,0.999999997,0.000171839,8.922E-09
13,9,9.350209975,0.541368707,0.907123682,8.69472E-05,0.058297887
14,9,9.51627696,0.519710892,0.939323832,7.36433E-05,0.042195302
15,9,9.607116751,0.507942382,0.963597379,6.72484E-05,0.028188932
16,9,9.647580399,0.502721364,0.979829122,6.45816E-05,0.017385372
17,9,9.662420136,0.500810103,0.98954816,6.36303E-05,0.009978295
18,9,9.667052268,0.500213911,0.994879658,6.33363E-05,0.005377801
19,9,9.668320106,0.500050763,0.997612371,6.3256E-05,0.002739534
20,9,9.668630059,0.50001088,0.998936295,6.32364E-05,0.001324773
21,9,9.668698306,0.500002098,0.999546193,6.32321E-05,0.000609989
22,9,9.668712019,0.500000334,0.999814271,6.32312E-05,0.000268086
23,9,9.66871453,0.500000011,0.999926969,6.32311E-05,0.000112698
24,9,9.668714951,0.499999957,0.999972371,6.32311E-05,4.5402E-05
25,9,9.668715017,0.499999948,0.99998993,6.32311E-05,1.75592E-05
26,9,9.668715026,0.499999947,0.99999646,6.32311E-05,6.52979E-06
27,9,9.668715027,0.499999947,0.999998798,6.32311E-05,2.33832E-06
28,9,9.668715027,0.499999947,0.999999605,6.32311E-05,8.07449E-07
29,9,9.668715027,0.499999947,0.999999875,6.32311E-05,2.69207E-07
30,9,9.668715027,0.499999947,0.999999961,6.32311E-05,8.67627E-08
14,10,10.2923655,0.546513188,0.900422571,3.38908E-05,0.058195166
15,10,10.47696944,0.523586371,0.932668302,2.8178E-05,0.043345651
16,10,10.5848777,0.510269083,0.957900824,2.52957E-05,0.030019257
17,10,10.63722565,0.503836351,0.975597948,2.40055E-05,0.019289697
18,10,10.65831677,0.501250195,0.986755142,2.35045E-05,0.011566609
19,10,10.66556297,0.50036245,0.993196444,2.33348E-05,0.006525325
20,10,10.66774805,0.50009483,0.996668646,2.32839E-05,0.003486473
21,10,10.66833799,0.500022584,0.998438687,2.32702E-05,0.001772099
22,10,10.66848224,0.500004919,0.999297897,2.32668E-05,0.000859466
23,10,10.66851441,0.500000979,0.999696545,2.32661E-05,0.000398675
24,10,10.66852098,0.500000174,0.999873763,2.32659E-05,0.000177221
25,10,10.66852222,0.500000023,0.999949391,2.32659E-05,7.56277E-05
26,10,10.66852243,0.499999996,0.999980423,2.32659E-05,3.10321E-05
27,10,10.66852247,0.499999992,0.999992685,2.32659E-05,1.22617E-05
28,10,10.66852247,0.499999991,0.999997357,2.32659E-05,4.67195E-06
29,10,10.66852247,0.499999991,0.999999075,2.32659E-05,1.71872E-06
30,10,10.66852247,0.499999991,0.999999687,2.32659E-05,6.11206E-07
16,11,11.43547802,0.52742636,0.926487629,1.08053E-05,0.044165645
17,11,11.55978446,0.512748947,0.952391034,9.54222E-06,0.031530176
18,11,11.62458131,0.505131866,0.971304121,8.94352E-06,0.020987428
19,11,11.65291015,0.501809887,0.983777612,8.69372E-06,0.013072672
20,11,11.663501,0.500569295,0.991313371,8.60213E-06,0.007674673
21,11,11.66697893,0.500162058,0.995561076,8.57226E-06,0.00427443
22,11,11.66800321,0.500042139,0.997825557,8.56349E-06,0.002268861
23,11,11.66827717,0.500010066,0.998976245,8.56114E-06,0.00115131
24,11,11.66834421,0.500002217,0.999535949,8.56057E-06,0.000559781
25,11,11.6683593,0.500000451,0.999797214,8.56044E-06,0.000261273
26,11,11.66836244,0.500000084,0.999914469,8.56041E-06,0.000117256
27,11,11.66836304,0.500000013,0.999965142,8.56041E-06,5.06734E-05
28,11,11.66836315,0.500000001,0.999986259,8.5604E-06,2.1117E-05
29,11,11.66836317,0.499999999,0.999994755,8.5604E-06,8.49657E-06
30,11,11.66836317,0.499999998,0.99999806,8.5604E-06,3.3047E-06
17,12,12.39231663,0.531191012,0.920750137,4.15036E-06,0.044731069
18,12,12.53219725,0.515332417,0.947100526,3.60858E-06,0.032770635
19,12,12.60969182,0.506585613,0.96700689,3.33949E-06,0.022489033
20,12,12.64607511,0.502490086,0.980664476,3.22017E-06,0.014483379
21,12,12.66073667,0.500841817,0.989257784,3.17331E-06,0.008806564
22,12,12.66593119,0.500258145,0.99429948,3.15686E-06,0.00508752
23,12,12.6675835,0.50007252,0.997096507,3.15165E-06,0.002805439
24,12,12.66806204,0.500018762,0.998576554,3.15015E-06,0.001481389
25,12,12.6681891,0.500004489,0.999327112,3.14974E-06,0.000750746
26,12,12.66822022,0.500000993,0.999692893,3.14965E-06,0.000365804
27,12,12.66822728,0.5000002,0.999864524,3.14962E-06,0.000171634
28,12,12.66822877,0.500000033,0.999942178,3.14962E-06,7.76538E-05
29,12,12.66822906,0.5,0.9999761,3.14962E-06,3.39219E-05
30,12,12.66822911,0.499999994,0.999990424,3.14962E-06,1.43244E-05
18,13,13.34789668,0.534855352,0.915420319,1.59618E-06,0.045099545
19,13,13.50246459,0.517978625,0.94204481,1.36758E-06,0.033783715
20,13,13.5926599,0.508173415,0.962750809,1.24963E-06,0.023809332
21,13,13.63773437,0.503287409,0.977458644,1.19456E-06,0.015792471
22,13,13.65715672,0.501185188,0.987057075,1.17158E-06,0.009906769
23,13,13.66452344,0.500388345,0.992896165,1.16298E-06,0.005912235
24,13,13.66703411,0.500116836,0.996253868,1.16007E-06,0.003372559
25,13,13.66781419,0.500032483,0.998096144,1.15916E-06,0.001844908
26,13,13.66803709,0.500008381,0.999065768,1.1589E-06,0.000970036
27,13,13.66809598,0.500002013,0.999556794,1.15883E-06,0.000491083
28,13,13.66811043,0.500000451,0.999796511,1.15882E-06,0.000239724
29,13,13.66811372,0.500000095,0.999909496,1.15881E-06,0.000112986
30,13,13.66811443,0.500000019,0.999960973,1.15881E-06,5.14768E-05
19,14,14.30254506,0.538404755,0.910462565,6.14446E-07,0.045315017
20,14,14.47090752,0.520654914,0.93722813,5.19236E-07,0.034606323
21,14,14.57362572,0.509871208,0.958568316,4.68549E-07,0.02496495
22,14,14.62785357,0.504195266,0.974196772,4.43817E-07,0.016998501
23,14,14.65266658,0.501602464,0.984737547,4.3294E-07,0.010965203
24,14,14.66267629,0.500557318,0.991364883,4.28628E-07,0.006737408
25,14,14.6663072,0.50017832,0.995302054,4.27075E-07,0.003961662
26,14,14.66750937,0.50005285,0.997534096,4.26561E-07,0.002236806
27,14,14.66787613,0.500014573,0.998748775,4.26405E-07,0.0012155
28,14,14.66797983,0.50000375,0.999385452,4.26361E-07,0.000636803
29,14,14.66800711,0.500000903,0.999707533,4.26349E-07,0.000322099
30,14,14.66801381,0.500000204,0.999865017,4.26346E-07,0.000157486
20,15,15.25652104,0.541831658,0.905843018,2.36688E-07,0.045411174
21,15,15.43781231,0.523335861,0.932647521,1.97444E-07,0.035269579
22,15,15.55274939,0.511656403,0.954482194,1.76006E-07,0.025972754
23,15,15.61643428,0.50520489,0.970909489,1.65146E-07,0.018103291
24,15,15.64719264,0.502094658,0.982323703,1.60144E-07,0.011975102
25,15,15.66031575,0.500768866,0.989720027,1.58056E-07,0.007554026
26,15,15.66535375,0.500260084,0.994247006,1.57262E-07,0.004565093
27,15,15.66712077,0.500081661,0.996890982,1.56984E-07,0.002652047
28,15,15.66769276,0.500023908,0.998374059,1.56894E-07,0.001484595
29,15,15.6678647,0.500006548,0.999175996,1.56867E-07,0.000802192
30,15,15.66791289,0.500001682,0.999594931,1.5686E-07,0.000418973
21,16,16.21002995,0.545133279,0.901530412,9.12165E-08,0.045413993
22,16,16.40342992,0.52600202,0.928295569,7.51763E-08,0.035799503
23,16,16.53019866,0.513508567,0.950507703,6.62256E-08,0.026848943
24,16,16.60350745,0.506306149,0.967621881,6.15444E-08,0.019110799
25,16,16.64068194,0.502661027,0.979837852,5.92985E-08,0.012932306
26,16,16.65737454,0.501025924,0.987976052,5.83169E-08,0.008354981
27,16,16.66412434,0.500365059,0.993095707,5.79246E-08,0.005176156
28,16,16.66661973,0.500120784,0.996168589,5.77802E-08,0.003085808
29,16,16.66747223,0.500037337,0.997940525,5.7731E-08,0.001774567
30,16,16.66774316,0.500010819,0.998926176,5.77153E-08,0.000986132
22,17,17.16323476,0.548309998,0.897496339,3.51643E-08,0.045343642
23,17,17.36797758,0.528638805,0.924162276,2.86539E-08,0.036217752
24,17,17.50614036,0.515409715,0.946654363,2.49563E-08,0.027608571
25,17,17.58912551,0.507488347,0.964354127,2.29689E-08,0.020026284
26,17,17.63310071,0.503299409,0.977299942,2.19807E-08,0.013834661
27,17,17.65379414,0.50133048,0.986147055,2.15305E-08,0.009134807
28,17,17.66257064,0.50049587,0.991855806,2.13424E-08,0.005789109
29,17,17.66597604,0.500172104,0.995369667,2.12698E-08,0.003533595
30,17,17.66719831,0.500055907,0.997447936,2.12439E-08,0.00208259
24,18,18.33164164,0.531235513,0.92023632,1.09312E-08,0.036542321
25,18,18.4807348,0.517344338,0.942927388,9.41714E-09,0.028265329
26,18,18.57335648,0.508740722,0.961122157,8.58408E-09,0.020855711
27,18,18.62443407,0.504006398,0.974727519,8.15664E-09,0.014681538
28,18,18.64952508,0.501683667,0.984246487,7.95452E-09,0.009889426
29,18,18.66064632,0.500654795,0.990535302,7.86655E-09,0.006399105
30,18,18.66515846,0.500237473,0.994497699,7.83113E-09,0.003991306
25,19,19.29458128,0.533784483,0.916505853,4.17321E-09,0.036788162
26,19,19.45413239,0.519299287,0.939328816,3.55777E-09,0.028831495
27,19,19.55627859,0.510052832,0.957938296,3.2123E-09,0.021605342
28,19,19.61468163,0.504777836,0.972135828,3.03007E-09,0.015473429
29,19,19.64452814,0.502085751,0.982286962,2.94096E-09,0.010615916
30,19,19.65830833,0.500843694,0.989142309,2.90072E-09,0.007002117
